bib,rider_name,team,team_link,rider_link
1,POGAČAR Tadej,UAE Team Emirates - XRG (WT),https://www.procyclingstats.com/team/uae-team-emirates-xrg-2025,https://www.procyclingstats.com/rider/tadej-pogacar
2,ALMEIDA João,UAE Team Emirates - XRG (WT),https://www.procyclingstats.com/team/uae-team-emirates-xrg-2025,https://www.procyclingstats.com/rider/joao-almeida
3,NARVÁEZ Jhonatan,UAE Team Emirates - XRG (WT),https://www.procyclingstats.com/team/uae-team-emirates-xrg-2025,https://www.procyclingstats.com/rider/jhonatan-narvaez
4,POLITT Nils,UAE Team Emirates - XRG (WT),https://www.procyclingstats.com/team/uae-team-emirates-xrg-2025,https://www.procyclingstats.com/rider/nils-politt
5,SIVAKOV Pavel,UAE Team Emirates - XRG (WT),https://www.procyclingstats.com/team/uae-team-emirates-xrg-2025,https://www.procyclingstats.com/rider/pavel-sivakov
6,SOLER Marc,UAE Team Emirates - XRG (WT),https://www.procyclingstats.com/team/uae-team-emirates-xrg-2025,https://www.procyclingstats.com/rider/marc-soler
7,WELLENS Tim,UAE Team Emirates - XRG (WT),https://www.procyclingstats.com/team/uae-team-emirates-xrg-2025,https://www.procyclingstats.com/rider/tim-wellens
8,YATES Adam,UAE Team Emirates - XRG (WT),https://www.procyclingstats.com/team/uae-team-emirates-xrg-2025,https://www.procyclingstats.com/rider/adam-yates
11,VINGEGAARD Jonas,Team Visma | Lease a Bike (WT),https://www.procyclingstats.com/team/team-visma-lease-a-bike-2025,https://www.procyclingstats.com/rider/jonas-vingegaard
12,AFFINI Edoardo,Team Visma | Lease a Bike (WT),https://www.procyclingstats.com/team/team-visma-lease-a-bike-2025,https://www.procyclingstats.com/rider/edoardo-affini
13,BENOOT Tiesj,Team Visma | Lease a Bike (WT),https://www.procyclingstats.com/team/team-visma-lease-a-bike-2025,https://www.procyclingstats.com/rider/tiesj-benoot
14,CAMPENAERTS Victor,Team Visma | Lease a Bike (WT),https://www.procyclingstats.com/team/team-visma-lease-a-bike-2025,https://www.procyclingstats.com/rider/victor-campenaerts
15,JORGENSON Matteo,Team Visma | Lease a Bike (WT),https://www.procyclingstats.com/team/team-visma-lease-a-bike-2025,https://www.procyclingstats.com/rider/matteo-jorgenson
16,KUSS Sepp,Team Visma | Lease a Bike (WT),https://www.procyclingstats.com/team/team-visma-lease-a-bike-2025,https://www.procyclingstats.com/rider/sepp-kuss
17,VAN AERT Wout,Team Visma | Lease a Bike (WT),https://www.procyclingstats.com/team/team-visma-lease-a-bike-2025,https://www.procyclingstats.com/rider/wout-van-aert
18,YATES Simon,Team Visma | Lease a Bike (WT),https://www.procyclingstats.com/team/team-visma-lease-a-bike-2025,https://www.procyclingstats.com/rider/simon-yates
21,EVENEPOEL Remco,Soudal Quick-Step (WT),https://www.procyclingstats.com/team/soudal-quick-step-2025,https://www.procyclingstats.com/rider/remco-evenepoel
22,CATTANEO Mattia,Soudal Quick-Step (WT),https://www.procyclingstats.com/team/soudal-quick-step-2025,https://www.procyclingstats.com/rider/mattia-cattaneo
23,EENKHOORN Pascal,Soudal Quick-Step (WT),https://www.procyclingstats.com/team/soudal-quick-step-2025,https://www.procyclingstats.com/rider/pascal-eenkhoorn
24,MERLIER Tim,Soudal Quick-Step (WT),https://www.procyclingstats.com/team/soudal-quick-step-2025,https://www.procyclingstats.com/rider/tim-merlier
25,PARET-PEINTRE Valentin,Soudal Quick-Step (WT),https://www.procyclingstats.com/team/soudal-quick-step-2025,https://www.procyclingstats.com/rider/valentin-paret-peintre
26,SCHACHMANN Maximilian,Soudal Quick-Step (WT),https://www.procyclingstats.com/team/soudal-quick-step-2025,https://www.procyclingstats.com/rider/maximilian-schachmann
27,VAN LERBERGHE Bert,Soudal Quick-Step (WT),https://www.procyclingstats.com/team/soudal-quick-step-2025,https://www.procyclingstats.com/rider/bert-van-lerberghe
28,VAN WILDER Ilan,Soudal Quick-Step (WT),https://www.procyclingstats.com/team/soudal-quick-step-2025,https://www.procyclingstats.com/rider/ilan-van-wilder
31,HEALY Ben,EF Education - EasyPost (WT),https://www.procyclingstats.com/team/ef-education-easypost-2025,https://www.procyclingstats.com/rider/ben-healy
32,ALBANESE Vincenzo,EF Education - EasyPost (WT),https://www.procyclingstats.com/team/ef-education-easypost-2025,https://www.procyclingstats.com/rider/vincenzo-albanese
33,ASGREEN Kasper,EF Education - EasyPost (WT),https://www.procyclingstats.com/team/ef-education-easypost-2025,https://www.procyclingstats.com/rider/kasper-asgreen
34,BAUDIN Alex,EF Education - EasyPost (WT),https://www.procyclingstats.com/team/ef-education-easypost-2025,https://www.procyclingstats.com/rider/alex-baudin
35,POWLESS Neilson,EF Education - EasyPost (WT),https://www.procyclingstats.com/team/ef-education-easypost-2025,https://www.procyclingstats.com/rider/neilson-powless
36,SWEENY Harry,EF Education - EasyPost (WT),https://www.procyclingstats.com/team/ef-education-easypost-2025,https://www.procyclingstats.com/rider/harry-sweeny
37,VALGREN Michael,EF Education - EasyPost (WT),https://www.procyclingstats.com/team/ef-education-easypost-2025,https://www.procyclingstats.com/rider/michael-valgren-andersen
38,VAN DEN BERG Marijn,EF Education - EasyPost (WT),https://www.procyclingstats.com/team/ef-education-easypost-2025,https://www.procyclingstats.com/rider/marijn-van-den-berg
41,GIRMAY Biniam,Intermarché - Wanty (WT),https://www.procyclingstats.com/team/intermarche-wanty-2025,https://www.procyclingstats.com/rider/biniam-girmay
42,BARRÉ Louis,Intermarché - Wanty (WT),https://www.procyclingstats.com/team/intermarche-wanty-2025,https://www.procyclingstats.com/rider/louis-barre
43,BRAET Vito,Intermarché - Wanty (WT),https://www.procyclingstats.com/team/intermarche-wanty-2025,https://www.procyclingstats.com/rider/vito-braet
44,PAGE Hugo,Intermarché - Wanty (WT),https://www.procyclingstats.com/team/intermarche-wanty-2025,https://www.procyclingstats.com/rider/hugo-page
45,REX Laurenz,Intermarché - Wanty (WT),https://www.procyclingstats.com/team/intermarche-wanty-2025,https://www.procyclingstats.com/rider/laurenz-rex
46,RUTSCH Jonas,Intermarché - Wanty (WT),https://www.procyclingstats.com/team/intermarche-wanty-2025,https://www.procyclingstats.com/rider/jonas-rutsch
47,VAN SINTMAARTENSDIJK Roel,Intermarché - Wanty (WT),https://www.procyclingstats.com/team/intermarche-wanty-2025,https://www.procyclingstats.com/rider/roel-van-sintmaartensdijk
48,ZIMMERMANN Georg,Intermarché - Wanty (WT),https://www.procyclingstats.com/team/intermarche-wanty-2025,https://www.procyclingstats.com/rider/georg-zimmermann
51,BUITRAGO Santiago,Bahrain - Victorious (WT),https://www.procyclingstats.com/team/bahrain-victorious-2025,https://www.procyclingstats.com/rider/santiago-buitrago-sanchez
52,BAUHAUS Phil,Bahrain - Victorious (WT),https://www.procyclingstats.com/team/bahrain-victorious-2025,https://www.procyclingstats.com/rider/phil-bauhaus
53,GRADEK Kamil,Bahrain - Victorious (WT),https://www.procyclingstats.com/team/bahrain-victorious-2025,https://www.procyclingstats.com/rider/kamil-gradek
54,HAIG Jack,Bahrain - Victorious (WT),https://www.procyclingstats.com/team/bahrain-victorious-2025,https://www.procyclingstats.com/rider/jack-haig
55,MARTINEZ Lenny,Bahrain - Victorious (WT),https://www.procyclingstats.com/team/bahrain-victorious-2025,https://www.procyclingstats.com/rider/lenny-martinez
56,MOHORIČ Matej,Bahrain - Victorious (WT),https://www.procyclingstats.com/team/bahrain-victorious-2025,https://www.procyclingstats.com/rider/matej-mohoric
57,STANNARD Robert,Bahrain - Victorious (WT),https://www.procyclingstats.com/team/bahrain-victorious-2025,https://www.procyclingstats.com/rider/robert-stannard
58,WRIGHT Fred,Bahrain - Victorious (WT),https://www.procyclingstats.com/team/bahrain-victorious-2025,https://www.procyclingstats.com/rider/alfred-wright
61,THOMAS Geraint,INEOS Grenadiers (WT),https://www.procyclingstats.com/team/ineos-grenadiers-2025,https://www.procyclingstats.com/rider/geraint-thomas
62,ARENSMAN Thymen,INEOS Grenadiers (WT),https://www.procyclingstats.com/team/ineos-grenadiers-2025,https://www.procyclingstats.com/rider/thymen-arensman
63,FOSS Tobias,INEOS Grenadiers (WT),https://www.procyclingstats.com/team/ineos-grenadiers-2025,https://www.procyclingstats.com/rider/tobias-foss
64,GANNA Filippo,INEOS Grenadiers (WT),https://www.procyclingstats.com/team/ineos-grenadiers-2025,https://www.procyclingstats.com/rider/filippo-ganna
65,LAURANCE Axel,INEOS Grenadiers (WT),https://www.procyclingstats.com/team/ineos-grenadiers-2025,https://www.procyclingstats.com/rider/axel-laurance
66,RODRÍGUEZ Carlos,INEOS Grenadiers (WT),https://www.procyclingstats.com/team/ineos-grenadiers-2025,https://www.procyclingstats.com/rider/carlos-rodriguez-cano
67,SWIFT Connor,INEOS Grenadiers (WT),https://www.procyclingstats.com/team/ineos-grenadiers-2025,https://www.procyclingstats.com/rider/connor-swift
68,WATSON Samuel,INEOS Grenadiers (WT),https://www.procyclingstats.com/team/ineos-grenadiers-2025,https://www.procyclingstats.com/rider/samuel-watson
71,ROGLIČ Primož,Red Bull - BORA - hansgrohe (WT),https://www.procyclingstats.com/team/red-bull-bora-hansgrohe-2025,https://www.procyclingstats.com/rider/primoz-roglic
72,LIPOWITZ Florian,Red Bull - BORA - hansgrohe (WT),https://www.procyclingstats.com/team/red-bull-bora-hansgrohe-2025,https://www.procyclingstats.com/rider/florian-lipowitz
73,MEEUS Jordi,Red Bull - BORA - hansgrohe (WT),https://www.procyclingstats.com/team/red-bull-bora-hansgrohe-2025,https://www.procyclingstats.com/rider/jordi-meeus
74,MOSCON Gianni,Red Bull - BORA - hansgrohe (WT),https://www.procyclingstats.com/team/red-bull-bora-hansgrohe-2025,https://www.procyclingstats.com/rider/gianni-moscon
75,PITHIE Laurence,Red Bull - BORA - hansgrohe (WT),https://www.procyclingstats.com/team/red-bull-bora-hansgrohe-2025,https://www.procyclingstats.com/rider/laurence-pithie
76,VAN DIJKE Mick,Red Bull - BORA - hansgrohe (WT),https://www.procyclingstats.com/team/red-bull-bora-hansgrohe-2025,https://www.procyclingstats.com/rider/mick-van-dijke
77,VAN POPPEL Danny,Red Bull - BORA - hansgrohe (WT),https://www.procyclingstats.com/team/red-bull-bora-hansgrohe-2025,https://www.procyclingstats.com/rider/danny-van-poppel
78,VLASOV Aleksandr,Red Bull - BORA - hansgrohe (WT),https://www.procyclingstats.com/team/red-bull-bora-hansgrohe-2025,https://www.procyclingstats.com/rider/aleksandr-vlasov
81,MILAN Jonathan,Lidl - Trek (WT),https://www.procyclingstats.com/team/lidl-trek-2025,https://www.procyclingstats.com/rider/jonathan-milan
82,CONSONNI Simone,Lidl - Trek (WT),https://www.procyclingstats.com/team/lidl-trek-2025,https://www.procyclingstats.com/rider/simone-consonni
83,NYS Thibau,Lidl - Trek (WT),https://www.procyclingstats.com/team/lidl-trek-2025,https://www.procyclingstats.com/rider/thibau-nys
84,SIMMONS Quinn,Lidl - Trek (WT),https://www.procyclingstats.com/team/lidl-trek-2025,https://www.procyclingstats.com/rider/quinn-simmons
85,SKJELMOSE Mattias,Lidl - Trek (WT),https://www.procyclingstats.com/team/lidl-trek-2025,https://www.procyclingstats.com/rider/mattias-skjelmose-jensen
86,SKUJIŅŠ Toms,Lidl - Trek (WT),https://www.procyclingstats.com/team/lidl-trek-2025,https://www.procyclingstats.com/rider/toms-skujins
87,STUYVEN Jasper,Lidl - Trek (WT),https://www.procyclingstats.com/team/lidl-trek-2025,https://www.procyclingstats.com/rider/jasper-stuyven
88,THEUNS Edward,Lidl - Trek (WT),https://www.procyclingstats.com/team/lidl-trek-2025,https://www.procyclingstats.com/rider/edward-theuns
91,MARTIN Guillaume,Groupama - FDJ (WT),https://www.procyclingstats.com/team/groupama-fdj-2025,https://www.procyclingstats.com/rider/guillaume-martin
92,ASKEY Lewis,Groupama - FDJ (WT),https://www.procyclingstats.com/team/groupama-fdj-2025,https://www.procyclingstats.com/rider/lewis-askey
93,BARTHE Cyril,Groupama - FDJ (WT),https://www.procyclingstats.com/team/groupama-fdj-2025,https://www.procyclingstats.com/rider/cyril-barthe
94,GRÉGOIRE Romain,Groupama - FDJ (WT),https://www.procyclingstats.com/team/groupama-fdj-2025,https://www.procyclingstats.com/rider/romain-gregoire1
95,MADOUAS Valentin,Groupama - FDJ (WT),https://www.procyclingstats.com/team/groupama-fdj-2025,https://www.procyclingstats.com/rider/valentin-madouas
96,PACHER Quentin,Groupama - FDJ (WT),https://www.procyclingstats.com/team/groupama-fdj-2025,https://www.procyclingstats.com/rider/quentin-pacher
97,PENHOËT Paul,Groupama - FDJ (WT),https://www.procyclingstats.com/team/groupama-fdj-2025,https://www.procyclingstats.com/rider/paul-penhoet
98,RUSSO Clément,Groupama - FDJ (WT),https://www.procyclingstats.com/team/groupama-fdj-2025,https://www.procyclingstats.com/rider/clement-russo
101,PHILIPSEN Jasper,Alpecin - Deceuninck (WT),https://www.procyclingstats.com/team/alpecin-deceuninck-2025,https://www.procyclingstats.com/rider/jasper-philipsen
102,DILLIER Silvan,Alpecin - Deceuninck (WT),https://www.procyclingstats.com/team/alpecin-deceuninck-2025,https://www.procyclingstats.com/rider/silvan-dillier
103,GROVES Kaden,Alpecin - Deceuninck (WT),https://www.procyclingstats.com/team/alpecin-deceuninck-2025,https://www.procyclingstats.com/rider/kaden-groves
104,MEURISSE Xandro,Alpecin - Deceuninck (WT),https://www.procyclingstats.com/team/alpecin-deceuninck-2025,https://www.procyclingstats.com/rider/xandro-meurisse
105,RICKAERT Jonas,Alpecin - Deceuninck (WT),https://www.procyclingstats.com/team/alpecin-deceuninck-2025,https://www.procyclingstats.com/rider/jonas-rickaert
106,VAN DER POEL Mathieu,Alpecin - Deceuninck (WT),https://www.procyclingstats.com/team/alpecin-deceuninck-2025,https://www.procyclingstats.com/rider/mathieu-van-der-poel
107,VERMEERSCH Gianni,Alpecin - Deceuninck (WT),https://www.procyclingstats.com/team/alpecin-deceuninck-2025,https://www.procyclingstats.com/rider/gianni-vermeersch
108,VERSTRYNGE Emiel,Alpecin - Deceuninck (WT),https://www.procyclingstats.com/team/alpecin-deceuninck-2025,https://www.procyclingstats.com/rider/emiel-verstrynge
111,ALAPHILIPPE Julian,Tudor Pro Cycling Team (PRT),https://www.procyclingstats.com/team/tudor-pro-cycling-team-2025,https://www.procyclingstats.com/rider/julian-alaphilippe
112,DAINESE Alberto,Tudor Pro Cycling Team (PRT),https://www.procyclingstats.com/team/tudor-pro-cycling-team-2025,https://www.procyclingstats.com/rider/alberto-dainese
113,HALLER Marco,Tudor Pro Cycling Team (PRT),https://www.procyclingstats.com/team/tudor-pro-cycling-team-2025,https://www.procyclingstats.com/rider/marco-haller
114,HIRSCHI Marc,Tudor Pro Cycling Team (PRT),https://www.procyclingstats.com/team/tudor-pro-cycling-team-2025,https://www.procyclingstats.com/rider/marc-hirschi
115,LIENHARD Fabian,Tudor Pro Cycling Team (PRT),https://www.procyclingstats.com/team/tudor-pro-cycling-team-2025,https://www.procyclingstats.com/rider/fabian-lienhard
116,MAYRHOFER Marius,Tudor Pro Cycling Team (PRT),https://www.procyclingstats.com/team/tudor-pro-cycling-team-2025,https://www.procyclingstats.com/rider/marius-mayrhofer
117,STORER Michael,Tudor Pro Cycling Team (PRT),https://www.procyclingstats.com/team/tudor-pro-cycling-team-2025,https://www.procyclingstats.com/rider/michael-storer
118,TRENTIN Matteo,Tudor Pro Cycling Team (PRT),https://www.procyclingstats.com/team/tudor-pro-cycling-team-2025,https://www.procyclingstats.com/rider/matteo-trentin
121,O'CONNOR Ben,Team Jayco AlUla (WT),https://www.procyclingstats.com/team/team-jayco-alula-2025,https://www.procyclingstats.com/rider/ben-o-connor
122,DUNBAR Eddie,Team Jayco AlUla (WT),https://www.procyclingstats.com/team/team-jayco-alula-2025,https://www.procyclingstats.com/rider/edward-irl-dunbar
123,DURBRIDGE Luke,Team Jayco AlUla (WT),https://www.procyclingstats.com/team/team-jayco-alula-2025,https://www.procyclingstats.com/rider/luke-durbridge
124,GROENEWEGEN Dylan,Team Jayco AlUla (WT),https://www.procyclingstats.com/team/team-jayco-alula-2025,https://www.procyclingstats.com/rider/dylan-groenewegen
125,MEZGEC Luka,Team Jayco AlUla (WT),https://www.procyclingstats.com/team/team-jayco-alula-2025,https://www.procyclingstats.com/rider/luka-mezgec
126,PLAPP Luke,Team Jayco AlUla (WT),https://www.procyclingstats.com/team/team-jayco-alula-2025,https://www.procyclingstats.com/rider/luke-plapp
127,REINDERS Elmar,Team Jayco AlUla (WT),https://www.procyclingstats.com/team/team-jayco-alula-2025,https://www.procyclingstats.com/rider/elmar-reinders
128,SCHMID Mauro,Team Jayco AlUla (WT),https://www.procyclingstats.com/team/team-jayco-alula-2025,https://www.procyclingstats.com/rider/mauro-schmid
131,VAUQUELIN Kévin,Arkéa - B&B Hotels (WT),https://www.procyclingstats.com/team/arkea-b-b-hotels-2025,https://www.procyclingstats.com/rider/kevin-vauquelin
132,CAPIOT Amaury,Arkéa - B&B Hotels (WT),https://www.procyclingstats.com/team/arkea-b-b-hotels-2025,https://www.procyclingstats.com/rider/amaury-capiot
133,COSTIOU Ewen,Arkéa - B&B Hotels (WT),https://www.procyclingstats.com/team/arkea-b-b-hotels-2025,https://www.procyclingstats.com/rider/ewen-costiou
134,DÉMARE Arnaud,Arkéa - B&B Hotels (WT),https://www.procyclingstats.com/team/arkea-b-b-hotels-2025,https://www.procyclingstats.com/rider/arnaud-demare
135,GARCÍA PIERNA Raúl,Arkéa - B&B Hotels (WT),https://www.procyclingstats.com/team/arkea-b-b-hotels-2025,https://www.procyclingstats.com/rider/raul-garcia-pierna
136,LE BERRE Mathis,Arkéa - B&B Hotels (WT),https://www.procyclingstats.com/team/arkea-b-b-hotels-2025,https://www.procyclingstats.com/rider/mathis-le-berre
137,RODRÍGUEZ Cristián,Arkéa - B&B Hotels (WT),https://www.procyclingstats.com/team/arkea-b-b-hotels-2025,https://www.procyclingstats.com/rider/cristian-rodriguez
138,VENTURINI Clément,Arkéa - B&B Hotels (WT),https://www.procyclingstats.com/team/arkea-b-b-hotels-2025,https://www.procyclingstats.com/rider/clement-venturini
141,MAS Enric,Movistar Team (WT),https://www.procyclingstats.com/team/movistar-team-2025,https://www.procyclingstats.com/rider/enric-mas
142,BARTA Will,Movistar Team (WT),https://www.procyclingstats.com/team/movistar-team-2025,https://www.procyclingstats.com/rider/william-barta
143,CASTRILLO Pablo,Movistar Team (WT),https://www.procyclingstats.com/team/movistar-team-2025,https://www.procyclingstats.com/rider/pablo-castrillo-zapater
144,OLIVEIRA Nelson,Movistar Team (WT),https://www.procyclingstats.com/team/movistar-team-2025,https://www.procyclingstats.com/rider/nelson-oliveira
145,GARCÍA CORTINA Iván,Movistar Team (WT),https://www.procyclingstats.com/team/movistar-team-2025,https://www.procyclingstats.com/rider/ivan-garcia-cortina
146,MÜHLBERGER Gregor,Movistar Team (WT),https://www.procyclingstats.com/team/movistar-team-2025,https://www.procyclingstats.com/rider/gregor-muhlberger
147,ROMEO Iván,Movistar Team (WT),https://www.procyclingstats.com/team/movistar-team-2025,https://www.procyclingstats.com/rider/ivan-romeo
148,RUBIO Einer,Movistar Team (WT),https://www.procyclingstats.com/team/movistar-team-2025,https://www.procyclingstats.com/rider/einer-rubio
151,GALL Felix,Decathlon AG2R La Mondiale Team (WT),https://www.procyclingstats.com/team/decathlon-ag2r-la-mondiale-2025,https://www.procyclingstats.com/rider/felix-gall
152,ARMIRAIL Bruno,Decathlon AG2R La Mondiale Team (WT),https://www.procyclingstats.com/team/decathlon-ag2r-la-mondiale-2025,https://www.procyclingstats.com/rider/bruno-armirail
153,BERTHET Clément,Decathlon AG2R La Mondiale Team (WT),https://www.procyclingstats.com/team/decathlon-ag2r-la-mondiale-2025,https://www.procyclingstats.com/rider/clement-berthet
154,BISSEGGER Stefan,Decathlon AG2R La Mondiale Team (WT),https://www.procyclingstats.com/team/decathlon-ag2r-la-mondiale-2025,https://www.procyclingstats.com/rider/stefan-bissegger
155,NAESEN Oliver,Decathlon AG2R La Mondiale Team (WT),https://www.procyclingstats.com/team/decathlon-ag2r-la-mondiale-2025,https://www.procyclingstats.com/rider/oliver-naesen
156,PARET-PEINTRE Aurélien,Decathlon AG2R La Mondiale Team (WT),https://www.procyclingstats.com/team/decathlon-ag2r-la-mondiale-2025,https://www.procyclingstats.com/rider/aurelien-paret-peintre
157,SCOTSON Callum,Decathlon AG2R La Mondiale Team (WT),https://www.procyclingstats.com/team/decathlon-ag2r-la-mondiale-2025,https://www.procyclingstats.com/rider/callum-scotson
158,TRONCHON Bastien,Decathlon AG2R La Mondiale Team (WT),https://www.procyclingstats.com/team/decathlon-ag2r-la-mondiale-2025,https://www.procyclingstats.com/rider/bastien-tronchon
161,BUCHMANN Emanuel,Cofidis (WT),https://www.procyclingstats.com/team/cofidis-2025,https://www.procyclingstats.com/rider/emanuel-buchmann
162,ARANBURU Alex,Cofidis (WT),https://www.procyclingstats.com/team/cofidis-2025,https://www.procyclingstats.com/rider/alex-aranburu
163,COQUARD Bryan,Cofidis (WT),https://www.procyclingstats.com/team/cofidis-2025,https://www.procyclingstats.com/rider/bryan-coquard
164,IZAGIRRE Ion,Cofidis (WT),https://www.procyclingstats.com/team/cofidis-2025,https://www.procyclingstats.com/rider/ion-izagirre
165,RENARD Alexis,Cofidis (WT),https://www.procyclingstats.com/team/cofidis-2025,https://www.procyclingstats.com/rider/alexis-renard
166,TEUNS Dylan,Cofidis (WT),https://www.procyclingstats.com/team/cofidis-2025,https://www.procyclingstats.com/rider/dylan-teuns
167,THOMAS Benjamin,Cofidis (WT),https://www.procyclingstats.com/team/cofidis-2025,https://www.procyclingstats.com/rider/benjamin-thomas-2
168,TOUZÉ Damien,Cofidis (WT),https://www.procyclingstats.com/team/cofidis-2025,https://www.procyclingstats.com/rider/damien-touze
171,TEJADA Harold,XDS Astana Team (WT),https://www.procyclingstats.com/team/xds-astana-team-2025,https://www.procyclingstats.com/rider/harold-tejada
172,BALLERINI Davide,XDS Astana Team (WT),https://www.procyclingstats.com/team/xds-astana-team-2025,https://www.procyclingstats.com/rider/davide-ballerini
173,BOL Cees,XDS Astana Team (WT),https://www.procyclingstats.com/team/xds-astana-team-2025,https://www.procyclingstats.com/rider/cees-bol
174,CHAMPOUSSIN Clément,XDS Astana Team (WT),https://www.procyclingstats.com/team/xds-astana-team-2025,https://www.procyclingstats.com/rider/clement-champoussin
175,FEDOROV Yevgeniy,XDS Astana Team (WT),https://www.procyclingstats.com/team/xds-astana-team-2025,https://www.procyclingstats.com/rider/yevgeniy-fedorov
176,HIGUITA Sergio,XDS Astana Team (WT),https://www.procyclingstats.com/team/xds-astana-team-2025,https://www.procyclingstats.com/rider/sergio-higuita
177,TEUNISSEN Mike,XDS Astana Team (WT),https://www.procyclingstats.com/team/xds-astana-team-2025,https://www.procyclingstats.com/rider/mike-teunissen
178,VELASCO Simone,XDS Astana Team (WT),https://www.procyclingstats.com/team/xds-astana-team-2025,https://www.procyclingstats.com/rider/simone-velasco
181,CRAS Steff,Team TotalEnergies (PRT),https://www.procyclingstats.com/team/team-totalenergies-2025,https://www.procyclingstats.com/rider/steff-cras
182,BURGAUDEAU Mathieu,Team TotalEnergies (PRT),https://www.procyclingstats.com/team/team-totalenergies-2025,https://www.procyclingstats.com/rider/mathieu-burgaudeau
183,DELETTRE Alexandre,Team TotalEnergies (PRT),https://www.procyclingstats.com/team/team-totalenergies-2025,https://www.procyclingstats.com/rider/alexandre-delettre
184,GACHIGNARD Thomas,Team TotalEnergies (PRT),https://www.procyclingstats.com/team/team-totalenergies-2025,https://www.procyclingstats.com/rider/thomas-gachignard
185,JEANNIÈRE Emilien,Team TotalEnergies (PRT),https://www.procyclingstats.com/team/team-totalenergies-2025,https://www.procyclingstats.com/rider/emilien-jeanniere
186,JEGAT Jordan,Team TotalEnergies (PRT),https://www.procyclingstats.com/team/team-totalenergies-2025,https://www.procyclingstats.com/rider/jordan-jegat
187,TURGIS Anthony,Team TotalEnergies (PRT),https://www.procyclingstats.com/team/team-totalenergies-2025,https://www.procyclingstats.com/rider/anthony-turgis
188,VERCHER Mattéo,Team TotalEnergies (PRT),https://www.procyclingstats.com/team/team-totalenergies-2025,https://www.procyclingstats.com/rider/matheo-vercher
191,ONLEY Oscar,Team Picnic PostNL (WT),https://www.procyclingstats.com/team/team-picnic-postnl-2025,https://www.procyclingstats.com/rider/oscar-onley
192,BARGUIL Warren,Team Picnic PostNL (WT),https://www.procyclingstats.com/team/team-picnic-postnl-2025,https://www.procyclingstats.com/rider/warren-barguil
193,BITTNER Pavel,Team Picnic PostNL (WT),https://www.procyclingstats.com/team/team-picnic-postnl-2025,https://www.procyclingstats.com/rider/pavel-bittner
194,FLYNN Sean,Team Picnic PostNL (WT),https://www.procyclingstats.com/team/team-picnic-postnl-2025,https://www.procyclingstats.com/rider/sean-flynn
195,ANDRESEN Tobias Lund,Team Picnic PostNL (WT),https://www.procyclingstats.com/team/team-picnic-postnl-2025,https://www.procyclingstats.com/rider/tobias-lund-andresen
196,MÄRKL Niklas,Team Picnic PostNL (WT),https://www.procyclingstats.com/team/team-picnic-postnl-2025,https://www.procyclingstats.com/rider/niklas-markl
197,NABERMAN Tim,Team Picnic PostNL (WT),https://www.procyclingstats.com/team/team-picnic-postnl-2025,https://www.procyclingstats.com/rider/tim-naberman
198,VAN DEN BROEK Frank,Team Picnic PostNL (WT),https://www.procyclingstats.com/team/team-picnic-postnl-2025,https://www.procyclingstats.com/rider/frank-van-den-broek
201,WOODS Michael,Israel - Premier Tech (PRT),https://www.procyclingstats.com/team/israel-premier-tech-2025,https://www.procyclingstats.com/rider/michael-woods
202,ACKERMANN Pascal,Israel - Premier Tech (PRT),https://www.procyclingstats.com/team/israel-premier-tech-2025,https://www.procyclingstats.com/rider/pascal-ackermann
203,BLACKMORE Joseph,Israel - Premier Tech (PRT),https://www.procyclingstats.com/team/israel-premier-tech-2025,https://www.procyclingstats.com/rider/joseph-blackmore
204,BOIVIN Guillaume,Israel - Premier Tech (PRT),https://www.procyclingstats.com/team/israel-premier-tech-2025,https://www.procyclingstats.com/rider/guillaume-boivin
205,LOUVEL Matis,Israel - Premier Tech (PRT),https://www.procyclingstats.com/team/israel-premier-tech-2025,https://www.procyclingstats.com/rider/matis-louvel
206,LUTSENKO Alexey,Israel - Premier Tech (PRT),https://www.procyclingstats.com/team/israel-premier-tech-2025,https://www.procyclingstats.com/rider/aleksey-lutsenko
207,NEILANDS Krists,Israel - Premier Tech (PRT),https://www.procyclingstats.com/team/israel-premier-tech-2025,https://www.procyclingstats.com/rider/krists-neilands
208,STEWART Jake,Israel - Premier Tech (PRT),https://www.procyclingstats.com/team/israel-premier-tech-2025,https://www.procyclingstats.com/rider/jake-stewart
211,DE LIE Arnaud,Lotto (PRT),https://www.procyclingstats.com/team/lotto-2025,https://www.procyclingstats.com/rider/arnaud-de-lie
212,BERCKMOES Jenno,Lotto (PRT),https://www.procyclingstats.com/team/lotto-2025,https://www.procyclingstats.com/rider/jenno-berckmoes
213,DE BUYST Jasper,Lotto (PRT),https://www.procyclingstats.com/team/lotto-2025,https://www.procyclingstats.com/rider/jasper-de-buyst
214,DRIZNERS Jarrad,Lotto (PRT),https://www.procyclingstats.com/team/lotto-2025,https://www.procyclingstats.com/rider/jarrad-drizners
215,GRIGNARD Sébastien,Lotto (PRT),https://www.procyclingstats.com/team/lotto-2025,https://www.procyclingstats.com/rider/sebastien-grignard
216,SEPÚLVEDA Eduardo,Lotto (PRT),https://www.procyclingstats.com/team/lotto-2025,https://www.procyclingstats.com/rider/eduardo-sepulveda
217,VAN EETVELT Lennert,Lotto (PRT),https://www.procyclingstats.com/team/lotto-2025,https://www.procyclingstats.com/rider/lennert-van-eetvelt
218,VAN MOER Brent,Lotto (PRT),https://www.procyclingstats.com/team/lotto-2025,https://www.procyclingstats.com/rider/brent-van-moer
221,JOHANNESSEN Tobias Halland,Uno-X Mobility (PRT),https://www.procyclingstats.com/team/uno-x-mobility-2025,https://www.procyclingstats.com/rider/tobias-halland-johannessen
222,ABRAHAMSEN Jonas,Uno-X Mobility (PRT),https://www.procyclingstats.com/team/uno-x-mobility-2025,https://www.procyclingstats.com/rider/jonas-abrahamsen
223,CORT Magnus,Uno-X Mobility (PRT),https://www.procyclingstats.com/team/uno-x-mobility-2025,https://www.procyclingstats.com/rider/magnus-cort-nielsen
224,FREDHEIM Stian,Uno-X Mobility (PRT),https://www.procyclingstats.com/team/uno-x-mobility-2025,https://www.procyclingstats.com/rider/stian-fredheim
225,HOELGAARD Markus,Uno-X Mobility (PRT),https://www.procyclingstats.com/team/uno-x-mobility-2025,https://www.procyclingstats.com/rider/markus-hoelgaard
226,JOHANNESSEN Anders Halland,Uno-X Mobility (PRT),https://www.procyclingstats.com/team/uno-x-mobility-2025,https://www.procyclingstats.com/rider/anders-halland-johannessen
227,LEKNESSUND Andreas,Uno-X Mobility (PRT),https://www.procyclingstats.com/team/uno-x-mobility-2025,https://www.procyclingstats.com/rider/andreas-leknessund
228,WÆRENSKJOLD Søren,Uno-X Mobility (PRT),https://www.procyclingstats.com/team/uno-x-mobility-2025,https://www.procyclingstats.com/rider/soren-waerenskjold
